,model,precision,recall,F1,accuracy,auc
1,baseline,0.49722735674676527,0.5284872298624754,0.5123809523809524,0.7952,
0,tuned decision tree,0.7207194680761364,0.4941412193292618,0.5847981514545133,0.8573333333333333,0.8255608318015071
