,model,precision,recall,F1,accuracy
0,XGBoost CV,0.7323264774202992,0.5176727740276438,0.6063407759513384,0.8630666666666666
0,random forest CV,0.7633668297678712,0.4927933140469302,0.5981681137185328,0.8652
0,decision tree CV,0.7207194680761364,0.4941412193292618,0.5847981514545133,0.8573333333333333
1,XGBoost final,0.6938775510204082,0.4675834970530452,0.5586854460093896,0.8496
1,baseline,0.49722735674676527,0.5284872298624754,0.5123809523809524,0.7952
