,model,precision,recall,F1,accuracy
1,xgb final,0.8994845360824743,0.6856581532416502,0.778149386845039,0.9204
0,XGBoost CV,0.7323264774202992,0.5176727740276438,0.6063407759513384,0.8630666666666666
0,random forest CV,0.7633668297678712,0.4927933140469302,0.5981681137185328,0.8652
0,decision tree CV,0.7207194680761364,0.4941412193292618,0.5847981514545133,0.8573333333333333
0,lgbm cv,0.7383958564351449,0.483657987785278,0.5832595619247817,0.8596
1,baseline,0.49722735674676527,0.5284872298624754,0.5123809523809524,0.7952
